x.zipcode,x.state,avg_price,avg_price_per_sqft,median_price,median_price_per_sqft,listings_count,average_occupancy,average_rental_income,average_night_price
37203,TN,798207.141,611.522,699000,538,542,45.55350553505535,4024.571955719557,342.640221402214
90026,CA,1472990.99,3765.971,1300000,771,339,58.3716814159292,3281.778761061947,195.5486725663717
92109,CA,1587822.58,1082.398,1549999,906,1073,42.520037278657966,4272.645852749301,372.8052190121156
20002,DC,777899.024,560.429,699900,524,714,59.45238095238095,2993.796918767507,172.5140056022409
70119,LA,447797.201,236.919,399000,223,678,46.52654867256637,2853.2094395280237,222.7197640117994
94117,CA,1954697.705,3913.505,1595000,989,330,64.76969696969697,4937.278787878788,258.2181818181818
70130,LA,666562.606,404.611,524500,375,726,42.43250688705234,3226.5798898071625,289.8374655647383
10016,NY,1729858.062,1566.128,1195000,1494,206,56.10679611650485,4012.9077669902913,238.5097087378641
11232,NY,1335027.733,774.389,1349500,764,57,72.19298245614036,4584.473684210527,208.40350877192984
10065,NY,3433192.116,1685.606,1750000,1580,76,60.35526315789474,4621.5921052631575,246.98684210526315
11221,NY,1385784.548,1018.98,1299000,589,360,62.225,3582.1944444444443,196.73333333333332
98109,WA,1067334.841,689.175,837475,659,165,60.339393939393936,3625.4848484848485,201.4060606060606
60640,IL,423069.415,281.302,329500,250,110,60.72727272727273,2970.5,168.76363636363635
11211,NY,1887289.891,1207.669,1672500,1250,396,68.47727272727273,4788.10101010101,235.6060606060606
90019,CA,1632783.985,685.182,1500000,660,186,44.38172043010753,2894.3817204301076,228.41397849462365
11234,NY,858623.665,1370.989,789000,514,100,44.96,2194.35,167.5
10017,NY,1406548.379,1320.406,872500,1286,79,63.49367088607595,4405.202531645569,256.37974683544303
11215,NY,1980315.494,1219.493,1647500,1156,277,69.2418772563177,4564.303249097473,222.8086642599278
10014,NY,3362381.282,2607.669,1864500,2270,150,67.94,5393.56,266.6933333333333
70117,LA,346876.444,203.65,312500,177,508,50.18307086614173,3008.998031496063,216.28149606299212
02118,MA,859103.448,4000.686,685250,1424,NA,NA,NA,NA
10025,NY,2230430.086,1704.455,1525000,1811,148,67.52027027027027,4956.77027027027,239.19594594594594
11222,NY,1772148.13,1276.335,1450000,1294,339,62.05899705014749,4035.9970501474927,220.5103244837758
70115,LA,645547.929,321.042,555000,311,470,47.88085106382979,3164.714893617021,230.39148936170213
78704,TX,1207906.162,671.9,929900,626,981,49.27013251783894,3126.4903160040776,243.19062181447504
98117,WA,1007043.576,593.489,899975,562,276,57.59057971014493,2729.268115942029,167.70652173913044
91030,CA,1453241.356,846.336,1349500,823,45,60.977777777777774,3486.133333333333,196.22222222222223
97213,OR,574942.492,315.021,550000,303,4,77.25,3713.75,149.5
37206,TN,778317.72,392.458,722580,366,381,51.112860892388454,3591.472440944882,268.2755905511811
80212,CO,1038173.341,486.941,870000,470,218,50.321100917431195,2261.623853211009,167.5091743119266
78702,TX,803023.484,629.446,710372,586,967,48.77352637021717,3671.4974146845916,276.3971044467425
60647,IL,671899.79,349.542,583000,312,279,51.24014336917563,2652.5340501792116,178.90322580645162
11237,NY,1300999.968,560.494,1300000,465,185,64.34594594594594,3339.091891891892,178.35675675675677
90703,CA,927767.963,563.387,927444,562,9,55.55555555555556,3556.6666666666665,253.77777777777777
97202,OR,725128.264,343.261,649950,333,375,63.57333333333333,2984.352,158.50666666666666
91311,CA,940310.174,453.239,799450,438,57,52.3859649122807,3871.7719298245615,268.6140350877193
37210,TN,596152.285,388.199,450000,349,308,58.05194805194805,4210.444805194805,256.37987012987014
60645,IL,313924.692,187.193,227250,164,27,49.148148148148145,2315.962962962963,170.37037037037038
10031,NY,927015.192,538.068,532500,569,133,66.2406015037594,3626.4887218045114,182.11278195488723
10128,NY,2658192.903,1554.944,1312000,1270,90,66.66666666666667,3535.4555555555557,183.01111111111112
78723,TX,702759.147,419.661,650000,407,232,47.89224137931034,2890.7155172413795,215.60344827586206
37212,TN,1071649.811,525.626,837000,481,302,45.870860927152314,3418.801324503311,288.7317880794702
11224,NY,716847.86,497.427,599000,461,28,59.392857142857146,2892.1428571428573,161.10714285714286
37218,TN,608332.467,291.652,479900,268,41,40.51219512195122,3158.7073170731705,318.5853658536585
90042,CA,1007531.458,745.196,982494,703,290,63.87241379310345,3888.2965517241378,209.97241379310344
78758,TX,486303.456,325.57,489900,326,222,45.445945945945944,2205.265765765766,170.6216216216216
37215,TN,1761038.793,445.859,1300000,413,31,60.193548387096776,2868.451612903226,181.83870967741936
78741,TX,524376.072,384.245,489000,352,360,42.90277777777778,2642.1805555555557,248.30277777777778
90036,CA,1994770.437,798.025,1929000,766,324,50.648148148148145,3588.617283950617,239.75617283950618
91748,CA,892183.225,518.897,825195,503,171,45.69005847953216,2776.2573099415204,204.61988304093566
90038,CA,NA,NA,NA,NA,463,52.09287257019439,2959.1900647948164,200.96328293736502
98122,WA,1032675.337,645.62,849950,641,350,59.037142857142854,3283.5857142857144,192.68571428571428
20005,DC,668972.09,763.608,569900,695,88,46.34090909090909,2944.590909090909,248.75
20003,DC,900239.509,693.656,852500,655,370,60.445945945945944,3242.991891891892,181.02702702702703
91006,CA,1344433.253,689.982,1200000,678,63,47.44444444444444,2433.9206349206347,167.84126984126985
37013,TN,401561.671,610.632,377990,216,48,64.89583333333333,3387.1041666666665,179.39583333333334
78725,TX,370968.552,241.983,350000,227,8,29.75,2030.125,266.625
90029,CA,1437163.767,7062.156,1299500,706,155,47.34193548387097,2611.9032258064517,185.2774193548387
10024,NY,3029272.352,1737.937,1500000,1516,130,63.292307692307695,4141.846153846154,217.7153846153846
90004,CA,2468549.525,850.045,1495000,754,101,53.742574257425744,3253.5049504950493,195.94059405940595
95003,CA,1488559.65,886.021,1317500,773,278,47.143884892086334,4645.784172661871,358.0143884892086
97217,OR,532690.647,310.825,499000,303,27,73,2227.222222222222,105.70370370370371
02127,MA,963019.25,2293.013,944000,840,50,58.82,4415.74,296.42
60657,IL,645439.439,749.458,495000,323,255,45.431372549019606,2601.843137254902,220.93333333333334
90068,CA,2157031.161,904.227,1800000,874,362,51.86740331491713,4360.027624309392,292.99171270718233
90027,CA,2375538.411,883.11,1895000,881,149,47.42953020134228,2899.6174496644294,216.8724832214765
10022,NY,1980305.733,1510.325,1095000,1115,194,63.70618556701031,4389.726804123711,227.659793814433
90046,CA,2209073.802,989.874,1640000,915,593,48.84485666104553,3253.121416526138,240.47048903878584
02119,MA,1183275.591,64553.71,797557,440,68,64.42647058823529,4658.573529411765,239.3235294117647
60618,IL,626075.701,368.612,545000,286,237,49.232067510548525,2414.649789029536,176.62025316455697
10002,NY,1710326,1716.665,1250000,1716,344,61.43023255813954,4344.302325581395,240.65116279069767
11214,NY,1226300.726,638.152,1149500,618,88,60.43181818181818,2874.375,165.20454545454547
02130,MA,1051111.235,3665.613,939900,673,84,66.1547619047619,3903.154761904762,215.9404761904762
90043,CA,1083338.101,3914.049,949400,614,370,53.002702702702706,3462.8567567567566,221.22702702702702
10013,NY,5122691.935,2062.612,3995000,1932,153,71.41830065359477,5248.562091503268,249.68627450980392
11354,NY,821867.15,846.353,699000,875,34,66.3529411764706,3070.764705882353,155.58823529411765
10314,NY,702818.169,435.17,699000,415,15,66.4,3155.6,153.06666666666666
02125,MA,787811.655,967.206,711950,425,55,74.98181818181818,4225.527272727273,193.9090909090909
11103,NY,1343964.698,683.67,1389000,662,99,66.4949494949495,3579.1414141414143,175.5050505050505
80211,CO,976499.197,506.147,849950,496,368,47.92391304347826,2411.228260869565,172.21467391304347
94605,CA,831291.206,521.29,749000,506,118,51.23728813559322,2197.4322033898306,152.54237288135593
11105,NY,1296407.146,712.656,1259500,679,62,67.24193548387096,3513.4193548387098,180.08064516129033
90402,CA,4917944.864,1669.697,3697500,1583,44,59.43181818181818,4639.340909090909,271.1818181818182
90017,CA,919927.047,801.521,699000,759,122,43.614754098360656,2718.2049180327867,215.27868852459017
80210,CO,1263336.953,460.362,895000,443,199,54.346733668341706,3110.5829145728644,194.9246231155779
11220,NY,1675464.293,708.509,1449000,672,84,66.70238095238095,2882.464285714286,155.27380952380952
60624,IL,249714.466,125.606,215000,112,32,44.34375,1962.53125,164.6875
90048,CA,2615087.974,1108.943,1999000,1014,429,50.67832167832168,3657.079254079254,245.01398601398603
80203,CO,526932.543,445.523,422500,444,149,59.95973154362416,2571.1342281879197,151.5771812080537
60653,IL,407375.133,229.286,349000,188,98,43.38775510204081,2273.9489795918366,187.33673469387756
11217,NY,1923439.143,1300.804,1865000,1363,212,70.10377358490567,4845.36320754717,227.16509433962264
91502,CA,1229202.042,664.508,857000,635,18,49.22222222222222,2754.8888888888887,188.38888888888889
91606,CA,935533.529,597.528,895000,568,96,66.9375,3913.8854166666665,212.33333333333334
94131,CA,NA,NA,NA,NA,115,61.37391304347826,4417.2,242.28695652173914
10075,NY,2133155.484,1460.994,945000,1405,98,58.83673469387755,3856.5102040816328,211.16326530612244
92101,CA,874783.484,5861.352,724450,749,775,45.26967741935484,2827.1329032258063,222.96774193548387
60608,IL,444799.506,301.924,395000,273,197,55.13705583756345,2170.477157360406,143.0253807106599
10011,NY,2147998.111,1844.826,1724500,1896,130,66.6076923076923,5496.5,277.1923076923077
11231,NY,2870391.542,1299.868,2500000,1300,130,64.93846153846154,4621.761538461538,242.3153846153846
10019,NY,4159475.779,2218.791,1525000,1603,245,58.01632653061225,4057.995918367347,236.9551020408163
90006,CA,1323363.364,550.372,1099000,528,86,43.54651162790697,2981.8837209302324,219.87209302325581
94109,CA,1629556.502,1040.943,998000,990,162,56.94444444444444,3359.1111111111113,196.02469135802468
11201,NY,2277725.745,1647.895,1597000,1637,221,68.27149321266968,5085.755656108598,253.92760180995475
92105,CA,649427.771,627.307,615000,546,221,50.31221719457014,2631.0135746606334,180.37556561085972
10009,NY,1365181.818,1509.423,1400000,1607,143,66.95104895104895,4783.762237762237,253.66433566433565
90069,CA,3902836.047,1208.524,1925000,1023,259,45.181467181467184,3609.930501930502,460.3127413127413
10018,NY,2230449.368,1313.301,1550000,1413,121,66.79338842975207,5774.231404958678,296.0330578512397
91104,CA,1146903.801,741.366,1099500,714,65,66.01538461538462,3973.9538461538464,217.66153846153847
10027,NY,1221201.557,870.175,770000,800,194,64.5,3762.5515463917527,197.91237113402062
02113,MA,714750,2993.891,529000,3171,40,60.875,4672.125,256.5
92117,CA,1063632.006,750.581,979000,717,185,47.729729729729726,3927.7081081081083,292.41621621621624
10036,NY,1609345.959,1644.094,1324250,1653,267,62.97752808988764,4393.029962546817,240.58426966292134
90291,CA,NA,NA,NA,NA,682,51.66862170087977,3987.8460410557186,259.3372434017595
90290,CA,2228551.614,1000.455,1499000,893,188,46.1436170212766,3549.6648936170213,269.06382978723406
94110,CA,1577745.646,5454.143,1396500,942,338,65.06213017751479,4775.298816568047,241.97633136094674
02116,MA,1197289.943,2403.97,735000,1214,177,48.559322033898304,3724.062146892655,278.05649717514126
90405,CA,1946113.861,1216.651,1890000,1156,133,60.962406015037594,4009.6616541353383,226.5639097744361
11373,NY,894202.882,613.847,625000,592,51,60.01960784313726,2709.470588235294,148.88235294117646
37138,TN,454438.264,261.334,359900,249,37,47.189189189189186,3455.2972972972975,284.3243243243243
80207,CO,767138.446,401.007,639750,403,126,58.23809523809524,2460.0238095238096,152.5079365079365
11421,NY,907122.559,484.621,827000,464,31,65.54838709677419,2682.032258064516,143.03225806451613
11209,NY,1004858.907,645.738,813500,580,101,67.88118811881188,4014.7524752475247,190.92079207920793
90813,CA,1081242.754,557.409,789000,517,57,52.80701754385965,2860.8596491228072,184.24561403508773
20010,DC,825688.992,526.693,750000,512,199,59.8391959798995,2949.0552763819096,170.46231155778895
10032,NY,878566.667,593.291,617000,603,67,74.16417910447761,3759.865671641791,175.71641791044777
90025,CA,1408997.519,791.519,1150000,728,394,50.68527918781726,2881.736040609137,186.78426395939087
90404,CA,1476605.051,867.263,1199000,822,118,45.30508474576271,2635.169491525424,192.88135593220338
70116,LA,502344.921,327.223,385000,268,503,47.82504970178926,3563.5904572564614,269.2485089463221
90746,CA,757951.687,468.735,749444,462,10,42,2962.2,232.6
90016,CA,1368268.076,732.729,1161944,730,174,51.59770114942529,3350.448275862069,211.81034482758622
60610,IL,731817.533,406.636,449000,347,187,50.88235294117647,4027.860962566845,300.10695187165777
10162,NY,NA,NA,NA,NA,12,79.83333333333333,5264,212.25
11216,NY,NA,NA,NA,NA,366,65.9535519125683,3615.103825136612,182.5928961748634
02111,MA,NA,NA,NA,NA,48,58.270833333333336,4022.9166666666665,252.97916666666666
92037,CA,NA,NA,NA,NA,342,40.19298245614035,4547.520467836257,471.9327485380117
91607,CA,NA,NA,NA,NA,92,54.52173913043478,4107.95652173913,308.5326086956522
10001,NY,NA,NA,NA,NA,222,52.41891891891892,3868.0855855855857,257.2837837837838
10040,NY,NA,NA,NA,NA,33,65.96969696969697,3103.4848484848485,149.93939393939394
37220,TN,NA,NA,NA,NA,10,65.5,2836.5,154.6
60622,IL,NA,NA,NA,NA,273,46.18681318681319,2777.6813186813188,228.35531135531136
11212,NY,NA,NA,NA,NA,95,62.11578947368421,2479.547368421053,139.25263157894736
11208,NY,NA,NA,NA,NA,194,57.48969072164948,2675.1134020618556,159.6340206185567
92107,CA,NA,NA,NA,NA,469,53.08102345415778,3780.055437100213,249.95735607675905
94123,CA,NA,NA,NA,NA,102,57.13725490196079,4525.205882352941,267.37254901960785
60601,IL,NA,NA,NA,NA,65,39.246153846153845,3579.107692307692,295.84615384615387
78729,TX,NA,NA,NA,NA,0,NA,NA,NA
90302,CA,NA,NA,NA,NA,138,44.78260869565217,2560.3695652173915,204.71014492753622
91601,CA,NA,NA,NA,NA,118,54.516949152542374,3072.1186440677966,199.26271186440678
78750,TX,NA,NA,NA,NA,3,35.333333333333336,1335.3333333333333,116.66666666666667
60660,IL,NA,NA,NA,NA,86,58.80232558139535,2985.3488372093025,180.48837209302326
11219,NY,NA,NA,NA,NA,162,72.3395061728395,4342.975308641975,200.19135802469137
10035,NY,NA,NA,NA,NA,109,63.30275229357798,3607.1743119266057,194.9724770642202
90292,CA,NA,NA,NA,NA,414,38.58454106280193,3838.2294685990337,347.463768115942
11249,NY,NA,NA,NA,NA,208,68.1826923076923,4828.620192307692,244.3028846153846
90012,CA,NA,NA,NA,NA,86,37.94186046511628,2112.7441860465115,199.77906976744185
70112,LA,NA,NA,NA,NA,300,40.86,2830.423333333333,276.7633333333333
90034,CA,NA,NA,NA,NA,392,53.98979591836735,3405.5408163265306,214.6122448979592
92104,CA,NA,NA,NA,NA,353,54.44192634560906,2882.756373937677,187.1643059490085
90802,CA,NA,NA,NA,NA,253,51.80632411067194,2608.806324110672,174.71146245059288
94116,CA,NA,NA,NA,NA,138,58.15217391304348,3404.695652173913,199.85507246376812
11369,NY,NA,NA,NA,NA,134,59.85820895522388,2958.5522388059703,170.59701492537314
60612,IL,NA,NA,NA,NA,277,52.08664259927798,2808.945848375451,189.37906137184115
90045,CA,NA,NA,NA,NA,130,43.66923076923077,3061.4538461538464,220.25384615384615
90058,CA,NA,NA,NA,NA,57,41.421052631578945,3237.754385964912,248.78947368421052
90250,CA,NA,NA,NA,NA,165,43.06060606060606,2306.4969696969697,177.33333333333334
98101,WA,NA,NA,NA,NA,217,58.26728110599078,3580.967741935484,210.7557603686636
90028,CA,NA,NA,NA,NA,294,47.636054421768705,2932.700680272109,218.28231292517006
78705,TX,NA,NA,NA,NA,424,45.6061320754717,2189.323113207547,175.38915094339623
02135,MA,NA,NA,NA,NA,52,67.32692307692308,3948.173076923077,217.3653846153846
02108,MA,NA,NA,NA,NA,42,57.357142857142854,4686.738095238095,258.7142857142857
94108,CA,NA,NA,NA,NA,141,58.47517730496454,2889.1702127659573,157.56028368794327
98102,WA,NA,NA,NA,NA,NA,NA,NA,NA
37201,TN,NA,NA,NA,NA,182,47.24175824175824,3961.3846153846152,326.07142857142856
80222,CO,NA,NA,NA,NA,58,57.41379310344828,3184.9827586206898,183.10344827586206
20037,DC,NA,NA,NA,NA,103,67.84466019417475,3279.5436893203882,164.7766990291262
78751,TX,NA,NA,NA,NA,244,50.1844262295082,2403.282786885246,220.7377049180328
11238,NY,NA,NA,NA,NA,238,60.865546218487395,3898.0588235294117,211.890756302521
94103,CA,1113314.576,943.672,887020,933,129,65.88372093023256,3887.829457364341,198.71317829457365
11233,NY,1208871.277,12497.92,1150000,571,361,61.7617728531856,3072.9584487534626,170.70637119113573
91423,CA,1693104.964,756.036,1450000,766,80,55.1875,5821.3,420.45
37217,TN,422552.961,261.495,299900,217,26,50.03846153846154,2693.076923076923,189.92307692307693
97211,OR,592209.476,319.092,550000,307,89,71.01123595505618,2419.1348314606744,113.86516853932584
90015,CA,1041298.469,714.957,745000,664,184,38.51086956521739,2562.0434782608695,229.29347826086956
MISSI,IL,NA,NA,NA,NA,0,NA,NA,NA
10303,NY,524977.247,380.528,499000,380,11,58.27272727272727,2052.5454545454545,120.63636363636364
90024,CA,3159769.071,958.985,1477500,844,151,50.602649006622514,3183.245033112583,221.98013245033113
11432,NY,1169735.622,572.366,995000,531,41,54.46341463414634,3250.3414634146343,198
60642,IL,663449.33,389.811,579900,332,156,47.17307692307692,3185.8076923076924,240.94230769230768
10039,NY,695287.471,713.94,675000,720,21,63.57142857142857,3002.4285714285716,163.8095238095238
98115,WA,1095970.03,600.154,936000,573,NA,NA,NA,NA
92102,CA,782553.033,799.088,655341,621,390,51.44615384615385,3001.2846153846153,201.3923076923077
98105,WA,1545859.205,677.86,1250000,594,275,49.92363636363636,2278.378181818182,155.49454545454546
10012,NY,3450962.5,51413.075,2162000,2000,125,67.632,5737.624,278.6
02115,MA,939687.438,3128.44,735000,1261,NA,NA,NA,NA
97215,OR,684193.578,327.954,659900,306,103,63.44660194174757,2671.6893203883496,141.9902912621359
20001,DC,811781.097,663.429,730000,633,478,57.33682008368201,3286.3096234309623,190.97489539748955
97214,OR,719197.812,314.836,689450,300,249,60.75903614457831,2653.714859437751,147.69076305220884
90021,CA,1260895.455,877.04,899000,819,21,47.666666666666664,2564.4285714285716,166.61904761904762
94121,CA,2290182.895,928.311,1650000,917,88,64.38636363636364,5044.159090909091,258.1363636363636
11236,NY,736489.188,455.265,749000,433,147,47.70748299319728,2049.9455782312925,156.7074829931973
91007,CA,1271278.673,682.617,1180000,632,45,50.55555555555556,3099.3333333333335,203.9777777777778
11355,NY,882378.798,802.64,689900,806,93,59.946236559139784,2870,165.04301075268816
37209,TN,696051.645,377.782,615000,340,293,44.24232081911263,3644.2389078498295,325.41638225255974
90020,CA,2380175.244,729.813,704250,645,160,60.4,3379.21875,192.28125
11102,NY,1165018.4,1050.568,846375,1052,72,61.958333333333336,3314.3611111111113,183.73611111111111
11385,NY,1115763.511,506.7,1049000,483,107,57.12149532710281,2820.233644859813,172.90654205607476
90041,CA,1328669.557,803.842,1199990,804,70,58.22857142857143,3259.1285714285714,192.32857142857142
91910,CA,803955.569,16899.747,749000,464,102,41.549019607843135,3114.7156862745096,268.38235294117646
78757,TX,888934.449,503.391,724999,484,131,57.36641221374046,2728,171.03053435114504
97222,OR,488208.771,301.854,474900,293,110,65.5909090909091,3503.681818181818,182.14545454545456
11226,NY,959412.146,648.661,789900,583,203,57.87192118226601,2733.177339901478,163.7536945812808
78759,TX,752598.601,380.586,696174,367,24,45.583333333333336,2687.4583333333335,175.91666666666666
20009,DC,767761.522,729.07,650000,692,NA,NA,NA,NA
20006,DC,246280,544.464,242500,543,12,60.083333333333336,2810.8333333333335,173.16666666666666
37214,TN,416159.449,258.226,375000,246,236,56.516949152542374,2852.2966101694915,179.385593220339
37208,TN,622818.833,373.052,575000,336,349,42.21489971346705,3874.3037249283666,381.4097421203438
78745,TX,616760.827,412.436,550000,397,299,49.03344481605351,2985.3478260869565,242.38127090301003
28806,NC,460378.879,325.062,409000,286,67,67.01492537313433,2906.208955223881,147.55223880597015
37076,TN,468611.368,242.04,430635,226,32,47.03125,2405.65625,212.46875
98116,WA,1151909.877,648.35,995000,573,251,56.48605577689243,3049.6972111553787,187.0557768924303
90005,CA,2365420.355,766.916,1049999,610,78,46.282051282051285,2471.2051282051284,177.12820512820514
94122,CA,1608112.542,847.445,1495000,841,178,63.646067415730336,3836.983146067416,202.0505617977528
90049,CA,5155116.137,1188.656,2995000,1057,171,52.14035087719298,5057.707602339181,342.1812865497076
10033,NY,578650,571.429,598950,571,73,64.5068493150685,3026.890410958904,186.12328767123287
91801,CA,967301.635,603.95,849000,568,160,49.425,2872.76875,205.24375
90065,CA,NA,NA,NA,NA,141,63.56737588652482,3222.0354609929077,195.99290780141843
91321,CA,635575.767,433.062,556000,427,42,48.595238095238095,3462.0714285714284,240.97619047619048
90401,CA,NA,NA,NA,NA,214,44.26168224299065,3295.3317757009345,279.3644859813084
90064,CA,NA,NA,NA,NA,76,49.578947368421055,3438.7763157894738,226.6315789473684
90037,CA,NA,NA,NA,NA,52,50.76923076923077,3058.923076923077,214.98076923076923
98103,WA,978966.155,624.02,874900,621,418,57.526315789473685,3154.598086124402,193.16267942583733
10029,NY,1189913.534,1106.267,817000,1148,186,64.06451612903226,3692.6559139784945,192.70967741935485
11206,NY,1347234.444,938.556,1273400,1009,347,65.14697406340058,4111.561959654178,213.93083573487033
90014,CA,710564.706,673.393,500000,637,158,43.234177215189874,2802.46835443038,238.40506329113924
90210,CA,8593233.163,1527.761,4795000,1253,119,34.9327731092437,3647.8823529411766,870.8151260504202
94112,CA,1194137.318,800.505,1100000,779,128,54.5,3170.5859375,197.9921875
20015,DC,1096433.302,539.513,1162500,521,30,66.33333333333333,3052.2,161.33333333333334
98107,WA,906502.985,627.364,832000,620,307,58.71335504885994,3245.8241042345276,196.8925081433225
11207,NY,840826.782,1849.884,799000,430,313,53.763578274760384,2663.7539936102235,169.33226837060704
92128,CA,885564.839,579.83,800000,567,18,49.05555555555556,4148.277777777777,417
11230,NY,948746.303,603.213,705000,614,53,56.77358490566038,2751.5283018867926,170.96226415094338
90066,CA,1863895.032,1016.263,1699750,1022,258,55.151162790697676,3778.4031007751937,226.71317829457365
92103,CA,1276779.208,834.114,1180000,746,359,50.401114206128135,3463.9693593314764,230.19777158774374
70118,LA,596109.535,276.499,450000,261,232,52.0301724137931,2827.2112068965516,187.98706896551724
10472,NY,969799.079,5665.18,975000,358,11,65.81818181818181,2564.4545454545455,135.0909090909091
80206,CO,1308617.936,518.367,950000,453,103,59.04854368932039,3157.7281553398057,180.16504854368932
97232,OR,661933.132,334.583,557500,342,54,65.4074074074074,2537.185185185185,129.2037037037037
20011,DC,683428.09,464.338,674999,445,299,56.72240802675585,2294.0234113712377,135.73244147157192
80223,CO,575439.45,428.793,498250,414,137,54.8978102189781,2439.3211678832117,157.4160583941606
60614,IL,1012422.155,470.964,699000,380,244,47.26229508196721,3290.6639344262294,260.1967213114754
98125,WA,850076.429,507.044,775950,472,92,60.28260869565217,2941.6847826086955,164.5108695652174
37204,TN,1256820.738,480.234,1000000,436,189,41.89417989417989,3319.6084656084654,310.0687830687831
90265,CA,6352026.873,2285.331,3492500,1475,356,31.70505617977528,4807.255617977528,972.3848314606741
90807,CA,NA,NA,NA,NA,64,61.359375,3805.046875,208.359375
20017,DC,797992.826,505.811,725000,460,NA,NA,NA,NA
11101,NY,1185151.041,1366.677,999888,1341,89,61.04494382022472,4052.4269662921347,228.79775280898878
11213,NY,1182282.107,675.802,1100000,698,327,66.24159021406727,3579.189602446483,184.89296636085626
94107,CA,1320422.889,1006.476,1049000,979,156,63.11538461538461,4108.666666666667,213.40384615384616
97230,OR,438760.239,268.479,436900,265,172,65.50581395348837,2101.8779069767443,108.06395348837209
70125,LA,411560.009,197.645,398500,185,231,48.523809523809526,2489.2077922077924,180.93506493506493
11225,NY,1291182.709,806.199,1000000,824,267,62.48314606741573,3175.501872659176,174.1011235955056
10451,NY,557328.571,394.145,349000,410,102,66.32352941176471,4158.049019607844,213.14705882352942
28803,NC,518321.559,355.653,450000,287,165,60,3038.6484848484847,174.57575757575756
78752,TX,539784.902,383.258,527500,376,131,42.19847328244275,1944.671755725191,148.25954198473283
10010,NY,2191405.651,1842.097,1399000,1699,83,63.04819277108434,4450.385542168675,233.26506024096386
60605,IL,463975.116,341.324,389900,319,102,41.96078431372549,3392.049019607843,272.8921568627451
98121,WA,777442.427,812.369,609000,756,NA,NA,NA,NA
10467,NY,604198.234,293.715,499500,289,43,44.906976744186046,2175.9767441860463,157.7674418604651
02114,MA,1135838.2,3417.206,680000,1907,80,58.7125,3992.1,238.9375
11205,NY,1499021.354,1325.692,1150000,927,187,62.55080213903744,3512.0748663101604,186.06951871657753
78701,TX,1339061.465,969.004,850000,955,466,52.01072961373391,3653.751072961373,253.68884120171674
60625,IL,532968.542,312.395,450000,250,133,51.3984962406015,2570.8496240601503,168.77443609022558
94607,CA,NA,NA,NA,NA,NA,NA,NA,NA
37205,TN,1531619.093,440.439,1099500,410,36,57.25,3077.6666666666665,196.55555555555554
94610,CA,1220090.781,663.356,1085000,652,214,48.21495327102804,2545.0560747663553,177.8177570093458
10469,NY,696298.868,2024.555,682500,374,78,55.67948717948718,2310.576923076923,145.15384615384616
10457,NY,704186.827,349.062,725000,325,57,51.08771929824562,2909.754385964912,194.7719298245614
02215,MA,781333.333,2989.265,570000,1829,37,53.21621621621622,4045.4324324324325,260.94594594594594
20018,DC,614511.674,401.794,600000,360,NA,NA,NA,NA
20020,DC,481725.436,291.483,439900,278,153,56.61437908496732,2750.97385620915,177.86274509803923
91355,CA,749197.862,482.954,749900,464,34,43.88235294117647,2845.970588235294,204.6764705882353
10023,NY,2479475.265,2064.92,1512500,1585,109,65.6697247706422,4174.935779816514,218.09174311926606
80205,CO,678573.346,444.371,625000,443,346,57.24566473988439,3035.875722543353,196.16763005780348
90007,CA,1621279.22,579.785,1400000,509,39,55.30769230769231,2266.5897435897436,151.71794871794873
90504,CA,961516.095,651.907,948500,648,19,57.10526315789474,3162.2631578947367,199.78947368421052
10003,NY,2267004.908,1783.076,1450000,1716,157,72.24203821656052,4646.821656050955,228.2611464968153
91765,CA,840529.991,517.056,800000,514,5,45.6,4248.2,329.4
78722,TX,750451.817,527.373,725000,516,126,56.23015873015873,3191.214285714286,206.1984126984127
37216,TN,599751.128,344.49,599000,328,225,52.91555555555556,3313.182222222222,241.40444444444444
90293,CA,1310696.794,782.119,859500,731,53,51.58490566037736,4135.7169811320755,274.0377358490566
10005,NY,1524709.483,1416.556,1192500,1289,72,61.06944444444444,5482.083333333333,301
02122,MA,705029.9,674.533,675000,401,17,64.82352941176471,4033.3529411764707,229.05882352941177
78746,TX,NA,NA,NA,NA,71,38.59154929577465,3401.6619718309857,328.056338028169
70131,LA,266144.628,128.881,245000,125,NA,NA,NA,NA
95060,CA,1654551.639,936.165,1499998,806,315,52.62222222222222,5198.780952380952,344.8222222222222
94105,CA,1805747.122,1346.604,1495000,1231,44,60.52272727272727,3584.409090909091,202.5909090909091
94609,CA,1041608.833,576.305,995000,558,213,57.051643192488264,2780.4272300469484,165.30046948356807
90013,CA,755228.051,803.608,688875,703,208,51.54326923076923,2823.485576923077,194.26442307692307
94127,CA,2078840.082,932.225,1795000,929,55,55.21818181818182,3350.2727272727275,214.56363636363636
11377,NY,892063.791,712.31,629000,714,83,58.40963855421687,2688.614457831325,165.14457831325302
90010,CA,NA,NA,NA,NA,39,55.46153846153846,3204.8205128205127,198.4102564102564
20007,DC,1272056.686,707.938,1046500,650,158,62.41139240506329,3829.8227848101264,202.60759493670886
60613,IL,520774.456,319.379,349900,280,269,47.234200743494426,2816.717472118959,215.14869888475837
94114,CA,1864935.009,1045.551,1695000,1059,213,64.84507042253522,5126.708920187793,269.0798122065728
90301,CA,941767.548,567.877,785000,538,142,48.20422535211268,2802.176056338028,203.4718309859155
60615,IL,335354.73,185.146,235000,170,110,43.54545454545455,2297.6363636363635,174.3181818181818
78749,TX,651887.531,332.233,629444,320,48,50.958333333333336,3616.0208333333335,273.8333333333333
91604,CA,1936972.1,811.483,1614000,800,117,52.162393162393165,5279.034188034188,370.22222222222223
92116,CA,1030627.898,896.532,969900,846,288,53.229166666666664,2970.9305555555557,205.05902777777777
94102,CA,950587.513,1008.396,825000,1006,136,63.220588235294116,2974.044117647059,162.68382352941177
11368,NY,1241000.144,698.929,NA,NA,49,64,2947.8367346938776,158.0408163265306
97206,OR,497068.243,333.793,459000,318,173,64.09248554913295,2279.676300578035,118.4393063583815
91776,CA,872808.407,578.557,804000,540,76,56.68421052631579,3184.8947368421054,197.98684210526315
60637,IL,329047.213,154.295,265000,142,99,48.77777777777778,2116.090909090909,154.58585858585857
90039,CA,NA,NA,NA,NA,478,59.63179916317991,3953.6506276150626,230.6276150627615
11419,NY,893928.519,3653.649,819500,504,36,54.27777777777778,2187.8888888888887,138.55555555555554
80218,CO,740366.365,469.724,545000,452,129,59.23255813953488,2784.6666666666665,158.7984496124031
91403,CA,1749212.421,732.472,1437500,721,71,48.647887323943664,3846.5352112676055,367.8169014084507
91780,CA,1025635.504,649.929,929800,611,52,52.84615384615385,2985.1346153846152,185.59615384615384
02134,MA,676595.048,2023.231,739000,559,NA,NA,NA,NA
90803,CA,1439516.231,923.323,1200000,749,270,50.48518518518519,3922.67037037037,271.4962962962963
78734,TX,1130133.192,415.337,725000,351,160,39.71875,3955.3375,338.45
90062,CA,866673.526,534.633,799000,517,89,55.438202247191015,3121.921348314607,197.37078651685394
78703,TX,2336467.884,863.782,1370269,740,334,53.69760479041916,3157.5988023952095,208.96706586826346
11210,NY,948745.053,541.884,776500,528,127,54.724409448818896,2854.9133858267714,183.03937007874015
28801,NC,637940.167,462.172,525000,405,242,66.37190082644628,3081.380165289256,157.75619834710744
91754,CA,919264.189,590.449,860000,578,81,40.19753086419753,2876.0864197530864,278.7654320987654
80209,CO,1509121.222,501.566,1100000,491,108,58.620370370370374,3112.8055555555557,185.4537037037037
90814,CA,1140379.762,760.573,1099000,671,99,54.62626262626262,3359.89898989899,215.7070707070707
10026,NY,1453685.2,1299.479,995000,1136,149,64.40939597315436,3800.2953020134228,204.40268456375838
10301,NY,636140.036,389.576,559000,366,53,56.509433962264154,2262.2075471698113,133.9056603773585
91789,CA,1152165.554,554.198,1038888,549,53,48.716981132075475,4101.566037735849,274.77358490566036
94118,CA,2637179.801,1039.654,1895000,998,233,65.72532188841201,5228.163090128755,268.1030042918455
94601,CA,762885.519,475.459,679000,475,208,55.91346153846154,2531.8701923076924,154.75480769230768
91755,CA,846713.5,554.862,849000,534,32,55.40625,3058.53125,192.96875
91342,CA,733170.658,473.207,724900,442,14,58.57142857142857,4935.428571428572,263.14285714285717
10028,NY,2668988.454,1797.068,1447500,1715,132,58.196969696969695,3577.931818181818,203.78787878787878
92115,CA,853165.613,644.675,779499,596,135,51.422222222222224,2727.392592592593,184.40740740740742
97201,OR,643301.358,379.498,421000,370,14,68,2659.5,131.5
02210,MA,1929666.667,13669.971,2199000,21990,10,34.3,2834.4,277
97205,OR,1384823.985,826.605,1105000,483,196,65.69897959183673,2242.6020408163267,112.75510204081633
97227,OR,659063.5,308.563,534500,324,38,68.78947368421052,2280.9736842105262,112.76315789473684
91001,CA,1298943.326,756.286,1195000,742,141,59.61702127659574,3309.148936170213,191.63120567375887
78721,TX,613487.604,473.84,583680,396,250,45.252,2830.328,240.632
91405,CA,786109.934,496.073,750000,477,30,61.63333333333333,2867.0666666666666,173.1
91303,CA,764525.256,514.941,695000,519,88,53.73863636363637,3836.568181818182,265.6363636363636
02126,MA,674669.9,4226.6,589500,313,NA,NA,NA,NA
90230,CA,1188022.962,807.519,975000,727,70,52.75714285714286,3282.214285714286,230.95714285714286
90806,CA,853751.648,533.428,777500,505,57,59.526315789473685,2994.0175438596493,180.3859649122807
90602,CA,950522.789,537.702,867000,530,33,42.15151515151515,2407.212121212121,195.12121212121212
98144,WA,965046.099,570.255,750000,549,355,56.583098591549295,3002.4,185.04225352112675
97212,OR,870719.134,336.216,785000,326,65,66.55384615384615,2170.769230769231,106.12307692307692
90260,CA,NA,NA,NA,NA,81,51.93827160493827,2731.0123456790125,167.6172839506173
91505,CA,1134378.724,763.956,1049000,738,171,52.91228070175438,3532.6140350877195,243.1812865497076
95062,CA,1764041.417,1086.228,1515000,965,268,56.13805970149254,5971.518656716418,352.8544776119403
94611,CA,1466118.148,697.458,1298000,670,159,52.540880503144656,2691.1006289308175,174.06289308176102
10453,NY,859732.235,330.866,866500,300,27,60.74074074074074,2950.037037037037,169.77777777777777
90035,CA,1797983.298,871.915,1600000,813,148,44.4527027027027,3117.5067567567567,220.8108108108108
78727,TX,NA,NA,NA,NA,4,57.5,3546,204.5
20012,DC,715996,506.356,649900,462,38,55.94736842105263,2157.2631578947367,123.02631578947368
90094,CA,NA,NA,NA,NA,29,60.96551724137931,4203.793103448276,235.75862068965517
02124,MA,611687.265,1142.605,550000,376,48,60.625,3995.1041666666665,218.54166666666666
90254,CA,NA,NA,NA,NA,136,51.669117647058826,4793.610294117647,316.8235294117647
98112,WA,1896782.106,742.655,1150000,691,144,55.30555555555556,3425.1041666666665,217.72916666666666
02128,MA,722415.029,1986.466,630000,533,51,58.98039215686274,3302.4117647058824,194.2156862745098
70126,LA,216378.274,123.163,207000,120,NA,NA,NA,NA
91745,CA,872970.507,510.799,888000,505,78,45.69230769230769,2947.0641025641025,213.84615384615384
11235,NY,834088.296,578.929,659500,541,67,47.701492537313435,2088.6567164179105,158.50746268656715
90815,CA,959832.915,637.015,928944,624,40,58.375,3877.825,222.65
95073,CA,1637382.324,947.063,1494000,795,41,55.41463414634146,6133.048780487805,364.5609756097561
10034,NY,524066.583,591.169,477450,563,51,61.72549019607843,2609.5882352941176,144.72549019607843
94115,CA,NA,NA,NA,NA,118,61.101694915254235,4188.220338983051,247.24576271186442
98106,WA,724872.022,473.778,697172,448,116,52.741379310344826,2447.1293103448274,186.54310344827587
11203,NY,772467.797,3832.002,730000,435,229,59.97816593886463,3042.4934497816594,172.2008733624454
95010,CA,1287977.273,1104.564,977000,926,80,45.775,4119.5,310.125
80239,CO,447635.252,258.649,449000,251,15,59.6,2397.866666666667,142.4
37207,TN,601207.271,315.486,460870,290,374,42.6951871657754,4102.5213903743315,356.0802139037433
90704,CA,1145950,1120.929,943000,994,101,46.05940594059406,6261.039603960396,459.6039603960396
60634,IL,379781.103,228.933,359900,217,44,51.31818181818182,2022.7727272727273,128.77272727272728
90650,CA,677778.14,547.108,659900,537,32,55.21875,2766.40625,178.375
91364,CA,1403032.399,655.007,1199000,618,97,43.20618556701031,3658.556701030928,309.340206185567
90755,CA,802707.254,481.307,699000,463,41,44.951219512195124,2338.8536585365855,190.390243902439
90211,CA,2160868,1080.553,2195000,949,100,38.2,2976.67,254.25
11434,NY,727690.392,432.815,654500,402,105,45.695238095238096,2050.3714285714286,165.44761904761904
28804,NC,688905.503,353.431,515000,302,400,57.13,3789.5325,226.56
11356,NY,1070681.626,602.976,975000,594,12,72.33333333333333,2634.9166666666665,124.58333333333333
70124,LA,582982,256.411,549000,262,41,49.1219512195122,2737.7804878048782,196.70731707317074
11375,NY,686684.763,612.498,486944,513,43,61.53488372093023,2669.860465116279,150.32558139534885
91711,CA,969012.796,503.627,896000,491,89,58.10112359550562,3712.8651685393256,221.25842696629215
97218,OR,471534.015,318.377,454950,304,16,73.0625,3050.8125,146.125
97210,OR,809075.145,409.684,695000,399,120,63.916666666666664,4092.7,212.96666666666667
60654,IL,674695.8,454.778,450000,387,195,51.31794871794872,4232.138461538461,297.8051282051282
91401,CA,1392594.422,672.395,1165000,609,84,46.82142857142857,3582.9166666666665,308.4166666666667
90212,CA,2243735.294,852.925,1898500,815,112,42.49107142857143,3098.1160714285716,240.57142857142858
11218,NY,1423645.233,6851.971,1150000,705,118,68.6864406779661,4455,214.08474576271186
60626,IL,244757.362,212.453,200000,188,90,43.87777777777778,2327.688888888889,188.4777777777778
91770,CA,845128.102,565.242,794990,538,103,58.00970873786408,3172.6116504854367,182.79611650485438
28715,NC,443695.82,258.607,389450,251,148,47.222972972972975,2197.777027027027,154.78378378378378
37211,TN,459062.898,262.442,445000,252,46,50.84782608695652,2532.521739130435,14998
11104,NY,798009.52,771.739,543000,694,49,59.97959183673469,2734.4285714285716,162.44897959183675
60623,IL,263751.794,141.593,249950,118,39,51.30769230769231,2207.846153846154,153.48717948717947
78724,TX,562594.739,294.623,464900,278,24,46.791666666666664,3229.0416666666665,237.375
11378,NY,1001161.748,525.207,949000,532,38,64.23684210526316,2671.315789473684,136.89473684210526
11106,NY,979442.899,957.721,739000,1045,64,70.71875,3968.6875,194.65625
10280,NY,914276.596,1140.792,799000,1096,6,63.166666666666664,4540,227.83333333333334
90057,CA,NA,NA,NA,NA,51,38.01960784313726,2673.0196078431372,244.05882352941177
78748,TX,549892.721,295.014,499000,283,57,49.666666666666664,3004.4210526315787,201.66666666666666
91361,CA,1461509.185,663.083,1261575,634,38,58.421052631578945,4136.394736842105,248.07894736842104
20268,DC,NA,NA,NA,NA,91,63.59340659340659,3937.923076923077,211.72527472527472
94618,CA,1590177.949,766.271,1499999,721,111,55.18018018018018,2907.036036036036,187.66666666666666
90638,CA,809854.685,534.919,790995,529,18,62.333333333333336,4194.888888888889,241.05555555555554
94608,CA,796570.917,819.621,785000,613,231,50.61904761904762,2386.779220779221,156.16017316017317
37115,TN,384340.173,245.878,338000,230,86,55.372093023255815,3321.3837209302324,214.38372093023256
70122,LA,328664.183,181.353,304667,179,143,48.06293706293706,2790.4965034965035,217.26573426573427
11367,NY,762545.283,569.202,755000,607,33,50.878787878787875,2789.090909090909,181.33333333333334
91602,CA,1520175.921,715.167,1042500,651,62,49.645161290322584,3424.3709677419356,245.74193548387098
02121,MA,720735.913,923.195,703125,264,NA,NA,NA,NA
20036,DC,442747.177,600.754,362500,582,NA,NA,NA,NA
97403,OR,707019.614,343.953,645000,316,117,52.41880341880342,2988.709401709402,206.5897435897436
10021,NY,2192306.704,1461.549,1325000,1392,143,64.3006993006993,3644.4475524475524,187.76923076923077
80220,CO,874045.032,420.514,635000,408,106,56.39622641509434,2362.9811320754716,146.60377358490567
37029,TN,416782.941,212.271,374950,209,9,59.55555555555556,2759.5555555555557,146.44444444444446
10455,NY,641206.387,298.426,769000,318,31,51.45161290322581,2633.935483870968,173.7741935483871
10030,NY,1409088.7,776.638,982500,804,128,66.75,3365.8515625,166.9453125
60607,IL,705789.655,451.1,493250,362,73,45.54794520547945,3386.3835616438355,271.75342465753425
98136,WA,1121090.766,559.367,923750,523,173,53.947976878612714,2643.722543352601,171.16763005780348
94606,CA,820691.078,491.655,729000,536,87,51.48275862068966,2427.8505747126437,154.816091954023
80204,CO,667588.949,453.097,627250,448,234,48.26068376068376,2668.91452991453,188.5897435897436
60641,IL,477352.667,248.988,415000,224,96,52.614583333333336,2319.3645833333335,159.29166666666666
20008,DC,814437.949,577.672,514950,535,83,67.75903614457832,3211.867469879518,160.2289156626506
91203,CA,880196.971,648.164,699998,607,118,35.26271186440678,2369.6271186440677,237.33050847457628
10452,NY,733537.615,308.241,675000,256,27,62.7037037037037,2900.185185185185,153.14814814814815
90501,CA,967264.897,567.874,899900,573,33,54.54545454545455,3035.5454545454545,196.78787878787878
10037,NY,492600,670.692,399000,641,73,64.8082191780822,2918.205479452055,153.58904109589042
02131,MA,642399.973,444.18,599000,425,NA,NA,NA,NA
91206,CA,NA,NA,NA,NA,79,44.08860759493671,2297.2911392405063,202.48101265822785
97266,OR,437742.707,284.207,399000,273,81,63.81481481481482,1862.3950617283951,101.14814814814815
60611,IL,946773.434,467.998,549900,399,119,48.91596638655462,3760.4285714285716,259.6302521008403
92123,CA,845113.388,628.352,899000,614,66,53.63636363636363,3226.5454545454545,242.6969696969697
20016,DC,846403.781,545.507,749000,534,NA,NA,NA,NA
78731,TX,1385851.141,513.057,1150000,474,69,53.492753623188406,2544.7246376811595,173.2608695652174
90804,CA,945505.679,610.557,816950,575,100,57.57,2778.6,171.71
91367,CA,1152466.732,594.191,999900,574,99,46.85858585858586,3575.6363636363635,267.04040404040404
90275,CA,1706349.776,800.83,1599500,789,31,39.96774193548387,3355.1612903225805,642.8387096774194
90305,CA,819937.453,530.405,784000,525,71,41.15492957746479,2734,232.88732394366198
90631,CA,873462.116,514.842,799844,501,20,62.05,2960.5,164.85
90277,CA,1575794.24,930.139,1399450,835,134,55.791044776119406,4110.014925373134,253.23134328358208
94133,CA,2533116.844,1162.582,1598000,1118,100,57.35,3981.05,234.15
97221,OR,948310.373,338.193,799900,316,26,61.26923076923077,2591.8846153846152,148.73076923076923
92122,CA,904456.044,733.551,759000,727,97,51.95876288659794,3577.505154639175,238.340206185567
10006,NY,2307097.537,1848.17,2135000,1915,29,65,5373.6551724137935,286.37931034482756
91205,CA,998717.743,690.876,922450,683,81,48.160493827160494,2642.543209876543,205.11111111111111
97209,OR,583410.296,476.367,475000,457,0,NA,NA,NA
98118,WA,853433.627,536.25,750000,495,183,58.3551912568306,2872.0109289617485,169.81420765027323
11370,NY,940454.735,612.42,979000,610,48,64.75,2890.3333333333335,150.95833333333334
80249,CO,500746.255,264.851,479900,271,59,45.69491525423729,2201.322033898305,184.83050847457628
37189,TN,386512.724,229.423,320000,232,22,69,3047.5,148.22727272727272
90018,CA,1118801.333,2631.461,999000,578,103,52.592233009708735,2675.368932038835,185.09708737864077
70113,LA,444199.419,255.911,353900,191,289,40.82006920415225,3536.193771626298,318.87543252595157
92139,CA,623670.448,464.665,629000,457,22,42.22727272727273,3458.590909090909,289.72727272727275
91103,CA,1173195.343,738.451,988000,716,56,60.44642857142857,3647.75,210.39285714285714
11372,NY,719050.025,537.969,442500,523,69,64.98550724637681,2729.0434782608695,145.1014492753623
95017,CA,1344300,787.567,1344300,788,5,35.8,2594.2,232.4
20024,DC,587121.81,596.357,464950,541,72,57.291666666666664,3841,230.79166666666666
91307,CA,1031694.282,551.594,948888,552,70,58.41428571428571,4830.314285714286,287.6857142857143
28704,NC,483547.14,351.245,422450,249,92,52.66304347826087,2547.467391304348,159.18478260869566
80202,CO,834222.339,604.884,650000,560,353,52.096317280453256,2639.3541076487254,176.73371104815865
02129,MA,933255.263,1653.113,925000,790,25,71.56,5567.16,257.4
02132,MA,799701.085,500.922,699900,461,NA,NA,NA,NA
90245,CA,1544534.165,927.287,1459000,803,75,54.16,3446.9733333333334,206
90031,CA,797990.818,615.742,758000,588,47,63.297872340425535,3346.8936170212764,181.51063829787233
91803,CA,958627.705,608.073,883000,606,79,55.49367088607595,2929.8101265822784,173.9240506329114
91792,CA,737643.093,16978.1,708000,459,32,50.125,3716.5625,231.03125
90232,CA,1791464.71,988.268,1729000,1018,166,51.21084337349398,3610.897590361446,246.60843373493975
92108,CA,672859.917,615.275,612500,602,52,47.48076923076923,3041.8846153846152,335.09615384615387
10004,NY,1130914.634,1192.986,995000,1193,15,45.4,4234.266666666666,312.2
92120,CA,889222.516,570.619,850000,557,81,51.24691358024691,3932.814814814815,270.641975308642
11365,NY,1057663.2,818.111,998000,635,14,69.42857142857143,2239.285714285714,118.28571428571429
10038,NY,1749231.1,1570.17,1185000,1341,46,59,4637.413043478261,290.45652173913044
78756,TX,884436.146,551.329,775000,535,78,49.14102564102564,2354.75641025641,172.33333333333334
91204,CA,1231103.615,651.608,1149000,616,150,39.306666666666665,2578.34,218.57333333333332
70114,LA,347678.691,178.063,279900,185,131,47.10687022900763,2559.961832061069,200.83969465648855
91436,CA,3464894.989,826.8,2462000,817,31,49,5553.645161290323,446.19354838709677
11435,NY,759321.139,456.079,699999,416,45,55.24444444444445,2241.4,148.15555555555557
94602,CA,979480.742,627.391,910000,598,208,51.29807692307692,2526.875,166.0528846153846
92113,CA,661506.611,564.588,650000,561,130,47.26923076923077,2562.4692307692308,195.46153846153845
10044,NY,715653,NA,715653,NA,7,79.85714285714286,4744,199.57142857142858
11420,NY,775515.397,2469.089,739000,521,44,47.68181818181818,2433.0227272727275,187.72727272727272
98133,WA,709551.513,496.436,712495,478,67,56.88059701492537,2495.805970149254,157.34328358208955
11692,NY,761207.765,630.149,699900,392,24,54.625,3711.75,220.25
98104,WA,792671.923,816.597,613950,733,39,55.69230769230769,2509.358974358974,166.89743589743588
20019,DC,435141.855,298.394,425000,284,176,53.28409090909091,2231.755681818182,152.375
78730,TX,1255139.814,450.922,819500,361,1,13,1516,379
11358,NY,1196439.982,653.04,1080000,621,34,62.705882352941174,3222.235294117647,177.7058823529412
10474,NY,570499.75,255.212,642500,259,12,63,2295.5833333333335,117.66666666666667
02120,MA,1391432.25,11743.136,1351449,13501,21,66.85714285714286,3240.4285714285716,159.52380952380952
10307,NY,853761.541,425.43,848888,425,3,68.66666666666667,5011.666666666667,230
60630,IL,403606.269,228.697,388900,219,79,49.278481012658226,1923.6582278481012,137.22784810126583
11413,NY,735904.506,1454.785,679000,451,79,48.89873417721519,2199.5949367088606,156.36708860759492
91350,CA,746958.29,433.511,749900,419,14,46.357142857142854,2983.3571428571427,268
90278,CA,1460422.711,3893.827,1399000,753,55,47.763636363636365,3930.018181818182,294.8
37072,TN,603496.839,264.486,419450,236,5,66.2,3392.6,293.8
60616,IL,429130.528,274.866,365000,281,298,43.691275167785236,2716.741610738255,241.64093959731542
97203,OR,500051.713,327.415,465000,314,93,64.27956989247312,1957.2043010752689,101.2258064516129
37219,TN,926105.257,758.532,516000,699,78,43.833333333333336,4581.666666666667,367.6666666666667
11229,NY,822129.627,876.52,768000,542,78,49.743589743589745,2363.6923076923076,173.34615384615384
11228,NY,1437404.386,751.191,1300000,702,13,45.15384615384615,2221.923076923077,151.46153846153845
37135,TN,545022.915,274.242,476900,268,0,NA,NA,NA
91106,CA,1120361.043,721.667,850000,659,60,62.083333333333336,3411.4333333333334,195.25
97239,OR,713998.511,375.356,619000,355,30,62.666666666666664,2417.366666666667,134.23333333333332
91201,CA,1271505.391,713.381,1097500,692,63,56.80952380952381,2954.84126984127,177.87301587301587
91390,CA,861068.082,483.632,819950,405,10,50.1,3357.8,261.4
60651,IL,332006.205,4105.791,294900,157,42,37.30952380952381,1559.2857142857142,164.33333333333334
91325,CA,1087401.876,502.531,995000,479,54,57.629629629629626,3765.0185185185187,254.7037037037037
90077,CA,9337914.303,1372.791,2887000,1090,247,64.70040485829959,3981.518218623482,247.13360323886639
90732,CA,860071.517,538.852,777000,518,17,69.11764705882354,4036.4117647058824,198.05882352941177
90003,CA,687948.764,3163.277,624990,451,79,55.734177215189874,2425.6202531645567,158.86075949367088
91335,CA,773834.623,525.423,750000,509,76,59.5921052631579,3220.342105263158,201.77631578947367
97219,OR,724858.093,334.598,639000,320,146,62.513698630136986,2260.7671232876714,123.47260273972603
90744,CA,NA,NA,NA,NA,27,66.51851851851852,3917.703703703704,200.37037037037038
98108,WA,734012,465.63,699900,440,152,54.546052631578945,2728.0526315789475,170.29605263157896
91101,CA,937781.081,743.635,804750,705,74,58.932432432432435,3590.945945945946,212.78378378378378
92014,CA,2572741.909,1197.388,2399000,966,141,52.304964539007095,6250.078014184397,448.70212765957444
78732,TX,1504001.343,373.525,898500,304,18,43.888888888888886,4560.333333333333,364.3888888888889
95076,CA,1110689.118,671.936,875000,580,84,50.214285714285715,5407.773809523809,389.5
91411,CA,1122962.343,657.737,1075000,666,38,49.86842105263158,2584.184210526316,183.71052631578948
94134,CA,1078578.935,764.059,999000,730,74,60.472972972972975,3272.0135135135133,189.82432432432432
80246,CO,1140889.982,402.485,685000,387,33,61.84848484848485,2509.030303030303,145.5151515151515
91105,CA,1668860.652,779.722,1388000,756,41,39.292682926829265,2412.048780487805,218.5121951219512
91790,CA,777451.932,511.72,759950,495,24,51.958333333333336,3064.5,199.125
91702,CA,685640.567,480.519,674450,466,46,51.26086956521739,2553.391304347826,161.6304347826087
97220,OR,435199.925,287.368,425000,269,37,65.4054054054054,2843.675675675676,140.1891891891892
91107,CA,NA,NA,NA,NA,92,57,3350.586956521739,203.7608695652174
28805,NC,519647.237,299.608,449950,281,95,58.410526315789475,2988.8105263157895,174.16842105263157
90706,CA,828541.968,2067.283,710000,519,31,45.74193548387097,2437.032258064516,189.2258064516129
20032,DC,437432.35,266.712,429950,263,66,47.53030303030303,1804.5454545454545,135.96969696969697
90008,CA,1232734.201,635.558,1134223,620,43,49.51162790697674,2893.3023255813955,192.93023255813952
90067,CA,2622571.786,1145.128,1595000,925,34,58.911764705882355,4229.470588235294,235.58823529411765
02136,MA,607701.194,358.303,564900,354,13,66.53846153846153,3665.769230769231,177.46153846153845
60643,IL,263445.945,161.264,224900,150,17,51.88235294117647,2588.705882352941,172.94117647058823
78733,TX,1761982.075,568.546,1272500,486,1,58,5194,294
91501,CA,1304047.184,694.977,1100000,655,31,60.38709677419355,3142,184
92126,CA,880659.762,636.625,899000,623,72,50.22222222222222,3762.472222222222,258.7916666666667
91326,CA,1468039.05,519.69,1249888,515,28,51.035714285714285,4096.321428571428,291.89285714285717
90503,CA,1096831.984,722.87,1100000,709,12,60.333333333333336,3198.75,181
11361,NY,1134763.815,644.876,988888,638,28,66.71428571428571,3526.4285714285716,180.78571428571428
90640,CA,777403.35,484.87,739000,469,29,49.206896551724135,3068.2413793103447,217.06896551724137
80231,CO,479513.872,266.649,392500,259,9,40.44444444444444,2082.777777777778,196.33333333333334
37080,TN,450380.723,227.865,399900,216,32,59.5625,3391.5625,200.375
98126,WA,787257.906,510.232,735000,482,92,59.369565217391305,2679.478260869565,156.18478260869566
11412,NY,710745.919,5659.618,659500,423,87,50.14942528735632,2298.5862068965516,168.73563218390805
94124,CA,NA,NA,NA,NA,64,55.203125,3092.828125,191.765625
60631,IL,428290.058,284.987,399000,235,8,58,2660.5,161.375
92111,CA,826856.875,639.594,847000,614,95,53.66315789473684,4001,266.9263157894737
90715,CA,NA,NA,NA,NA,5,56.6,2585.2,168
11374,NY,598905.308,591.846,489990,541,45,51.62222222222222,2343.6222222222223,178.55555555555554
98119,WA,1247869.76,668.494,1050000,658,NA,NA,NA,NA
11417,NY,812221.547,512.524,749999,516,28,55.535714285714285,1975.892857142857,121.71428571428571
90272,CA,5271286.813,1392.817,3695000,1325,57,44.96491228070175,4375.7192982456145,390.4561403508772
92130,CA,1481900.456,780.869,1237000,759,64,44.28125,3836.921875,388.90625
91766,CA,679647.159,1991.223,636500,429,171,52.578947368421055,3325.847953216374,221.83040935672514
90731,CA,920510.262,578.194,850000,535,63,64.87301587301587,3110.3492063492063,173.4920634920635
10302,NY,856393.87,373.079,599000,377,4,39,2348.25,170.25
92110,CA,1111196.554,751.175,843785,662,308,47.548701298701296,3392.7727272727275,474.81168831168833
91913,CA,775599.622,425.368,736257,414,112,56.919642857142854,4319.321428571428,261.04464285714283
78737,TX,1012103.584,355.61,875000,303,19,51.578947368421055,3287.9473684210525,378.36842105263156
11422,NY,784238.27,481.273,699000,405,65,47.55384615384615,2175.646153846154,161.75384615384615
91214,CA,1208067.511,768.251,1132500,781,26,50.11538461538461,3021.730769230769,205.92307692307693
90033,CA,973021.447,487.356,859500,432,40,60,3119.65,180.25
91040,CA,NA,NA,NA,NA,59,64.71186440677967,2554.7457627118642,134.79661016949152
90505,CA,1245194.118,742.405,1210000,721,31,57.03225806451613,3357.6129032258063,193.41935483870967
92114,CA,681299.259,522.165,675000,491,93,43.41935483870968,3062.6236559139784,222.49462365591398
91732,CA,742002.992,478.38,698000,455,48,56.854166666666664,2507.0416666666665,149.35416666666666
91301,CA,1025726.575,560.639,998000,558,53,49.905660377358494,4948.867924528302,756.6037735849056
91356,CA,1454200.989,3815.684,895000,550,48,52.229166666666664,4843.645833333333,349.3958333333333
78736,TX,NA,NA,NA,NA,25,35.8,2744.32,295.84
10550,NY,596539.786,373.83,550000,250,27,49.25925925925926,2148.6666666666665,160.44444444444446
98178,WA,716011.514,420.222,650000,382,67,57.25373134328358,2939.313432835821,175.955223880597
11693,NY,580858.982,474.526,594000,409,54,45.18518518518518,2705.574074074074,193.5
91316,CA,1674752.193,603.964,875000,555,75,52.693333333333335,3904.8933333333334,331.4533333333333
94014,CA,1024937.306,668.662,998000,643,163,58.45398773006135,3670.834355828221,206.63803680981596
91344,CA,1025017.934,547.563,929625,518,33,62.72727272727273,4202.454545454545,248.6060606060606
80219,CO,482590.01,365.439,452000,339,109,50.37614678899082,2227.0825688073396,154.6605504587156
10465,NY,726101.249,415.402,659000,399,167,63.119760479041915,3553.808383233533,192.437125748503
11429,NY,772749.818,457.903,696750,442,31,57.25806451612903,2289.548387096774,141.93548387096774
90403,CA,2038236.907,1118.413,1650000,1046,199,52.33165829145729,2760.8040201005024,181.98492462311557
80221,CO,558271.993,329.756,515000,296,230,45.391304347826086,2369.708695652174,178.3521739130435
10461,NY,810516.449,413.991,789000,409,40,52.55,1869.8,132.125
11691,NY,656938.029,2852.884,670000,359,40,36.575,2084.4,188.95
10466,NY,714934.015,371.787,675000,367,43,45.74418604651163,1773.0232558139535,129.7674418604651
02109,MA,579000,713.933,579000,714,40,68.025,5898.45,279.875
11364,NY,774498.112,644.354,743888,653,8,60.875,2733.5,153.625
91306,CA,773368.631,489.582,775000,474,78,54.43589743589744,3902.6923076923076,242.69230769230768
92683,CA,985418.865,596.805,899000,577,55,52.981818181818184,3511.909090909091,240.0909090909091
90717,CA,NA,NA,NA,NA,21,68.47619047619048,3444.190476190476,187.42857142857142
11223,NY,1160706.585,694.434,1035000,669,85,54.92941176470588,2497.8,155.94117647058823
90266,CA,2907548.474,1485.29,2546446,1322,99,53.2020202020202,4818.868686868687,317.3838383838384
98134,WA,377780,375.593,399000,361,20,42.3,2183.95,182.2
10069,NY,3081902.195,1780.715,2425000,1656,8,62.625,8497.5,439.375
91915,CA,762508.015,426.99,719999,418,14,51.92857142857143,3177.1428571428573,208.78571428571428
91733,CA,894088.224,506.227,719000,459,18,55.05555555555556,3304.0555555555557,189.94444444444446
90601,CA,849151.78,494.108,750000,477,39,64.71794871794872,3809.102564102564,199.56410256410257
90713,CA,808261.63,616.791,799000,629,6,61.833333333333336,3025,160.5
80113,CO,1422682.216,463.762,750000,445,45,53.022222222222226,2321.733333333333,146.33333333333334
91302,CA,2454972.02,802.966,1595000,677,101,51.227722772277225,3771.6732673267325,295.53465346534654
91605,CA,956751.593,561.595,849000,538,46,49.54347826086956,3454.8478260869565,278.7391304347826
10459,NY,693597.644,345.155,685000,323,21,58.42857142857143,2252.095238095238,132.85714285714286
10454,NY,923090.909,394.92,955000,401,53,60.905660377358494,3243.9622641509436,187.81132075471697
10462,NY,408664.496,320.08,256438,312,87,56.7816091954023,2927.022988505747,164.29885057471265
91381,CA,881725.678,433.257,824900,422,13,60.07692307692308,3446.923076923077,191
91024,CA,1486106.757,759.097,1337500,736,26,62.38461538461539,4719.576923076923,254.07692307692307
94619,CA,996600.864,613.544,899000,642,101,55.65346534653465,2653.4950495049507,161.1980198019802
91016,CA,1039353.842,643.033,935000,633,157,56.197452229299365,2647.388535031847,159.40127388535032
10463,NY,517167.478,448.111,375450,364,28,58.642857142857146,2356.8214285714284,150.78571428571428
92154,CA,644164.778,437.088,644950,424,45,48.24444444444445,3730.733333333333,268.22222222222223
02110,MA,2305000,23050,2305000,23050,26,59.53846153846154,4843.038461538462,276.46153846153845
10007,NY,2618451.548,1884.146,2400000,1834,24,59.208333333333336,4849,280.7083333333333
92127,CA,1516290.19,644.029,1250000,612,20,48.4,4300.95,502.9
80237,CO,554811.488,287.886,420000,266,21,65.57142857142857,2953.095238095238,154.8095238095238
92106,CA,NA,NA,NA,NA,301,54.26578073089701,3856.770764119601,253.24252491694352
91207,CA,NA,NA,NA,NA,19,58.89473684210526,3309.9473684210525,217.94736842105263
11204,NY,1303471.353,702.344,1350000,687,68,67.19117647058823,3167.985294117647,160.63235294117646
78753,TX,451022.126,294.076,450000,284,71,50.140845070422536,2194.56338028169,169.09859154929578
98199,WA,1512412.5,638.308,1170000,610,NA,NA,NA,NA
90056,CA,1713828.328,659.178,1749000,669,61,41.47540983606557,2758.5409836065573,230.8360655737705
90063,CA,666481.18,527.205,689500,517,126,59.23015873015873,2991.5476190476193,182.73809523809524
94132,CA,1377247.065,846.074,1295000,837,61,56.47540983606557,3133.098360655738,186.75409836065575
78728,TX,500713.728,270.864,497610,263,1,76,3367,145
10471,NY,773577.182,462.765,755000,436,75,57.56,2942.9866666666667,172.77333333333334
90262,CA,718368.055,521.25,639950,526,27,52.18518518518518,2927.740740740741,186.96296296296296
60603,IL,795501.829,585.2,665000,502,44,49.88636363636363,4958.204545454545,322.77272727272725
92121,CA,1213363.267,665.877,1450000,637,19,58.473684210526315,4146.473684210527,260.94736842105266
91406,CA,902568.298,564.955,849700,548,75,52.89333333333333,3303.56,230.37333333333333
10475,NY,707936.957,338.875,600000,304,21,49.19047619047619,2465.5238095238096,165.04761904761904
92119,CA,766112.031,538.333,797000,541,38,47.28947368421053,3612.2105263157896,270.4736842105263
90011,CA,770915.455,2119.649,669000,398,232,58.525862068965516,3070.6163793103447,187.17241379310346
11379,NY,1045972.713,657.251,936500,589,128,63.5078125,3690.59375,194.7578125
91324,CA,983473.221,474.591,874999,471,20,55.4,5546.35,340.5
11418,NY,868049.006,3326.429,849888,472,30,51.233333333333334,2641.9666666666667,176.6
78744,TX,507822.659,281.591,460000,277,93,46.075268817204304,2841.2043010752686,219.58064516129033
91304,CA,884894.213,465.707,799555,472,56,57.357142857142854,3984.8214285714284,266.44642857142856
90044,CA,783795,2573.898,675000,452,60,41.5,2439.15,211.41666666666666
90241,CA,875498.707,539.262,814000,525,35,58.08571428571429,3247.2,189.9142857142857
11411,NY,647167.62,460.226,649995,458,28,44.607142857142854,2028.5,163.03571428571428
10464,NY,786353.429,486.899,707000,463,26,64.46153846153847,2216.269230769231,115.84615384615384
90249,CA,787565.253,594.842,765000,570,42,48.07142857142857,2723.285714285714,185.83333333333334
60629,IL,271205.335,180.612,265000,171,38,50.23684210526316,1797.157894736842,136.10526315789474
91914,CA,1073344,500.367,849000,487,117,56.717948717948715,3276.17094017094,202.89743589743588
91343,CA,909318.576,497.507,837400,480,25,53.68,2874.88,199.36
91008,CA,1760736,655.753,1611500,638,8,60.25,2127,165.125
90810,CA,674414.888,521.527,635000,506,49,58.04081632653061,3166.8571428571427,187.6734693877551
60649,IL,191971.658,110.098,149000,92,37,38.189189189189186,2189.2702702702704,207.43243243243242
78735,TX,1811963.887,491.484,915000,409,35,43.94285714285714,3018.9714285714285,249.71428571428572
92129,CA,1120604.297,625.309,1150000,617,37,53.54054054054054,4590.243243243243,349.5135135135135
90280,CA,705668.477,492.306,649900,472,21,48.57142857142857,2582.4761904761904,188.42857142857142
60602,IL,695937.037,442.161,650000,423,9,56.333333333333336,6328.777777777777,371.77777777777777
78739,TX,965622.7,320.494,875000,314,5,65.6,4569.2,225.6
10456,NY,668587,298.829,685000,291,226,71.63274336283186,4508.898230088495,208.74778761061947
95018,CA,882262.071,736.188,834000,665,54,56.925925925925924,4087.259259259259,241.05555555555554
10458,NY,684267.227,316.129,698000,300,17,48.470588235294116,2001.764705882353,155
10304,NY,805290.391,441.431,649888,425,32,63.75,2757.84375,151
10460,NY,1011321.926,309.836,750000,304,34,45.6764705882353,2342.529411764706,183.91176470588235
91042,CA,828058.42,611.84,770000,579,74,67.24324324324324,4060.2027027027025,210.4189189189189
10310,NY,689664.811,412.606,632000,416,17,49.11764705882353,1645.9411764705883,111.94117647058823
91775,CA,1095187.296,678.822,998944,674,28,53.964285714285715,2868.25,195.92857142857142
11461,NY,NA,NA,NA,NA,0,NA,NA,NA
91741,CA,1011891.913,529.797,899000,517,27,51.7037037037037,2883.962962962963,191.77777777777777
91791,CA,869860.465,486.461,799950,464,31,48.354838709677416,2454.2903225806454,177.16129032258064
90745,CA,661646.77,493.792,665000,487,116,54.73275862068966,3456.2413793103447,220.82758620689654
11433,NY,759820.27,454.207,729000,449,28,58.25,2848.3928571428573,168.42857142857142
91352,CA,890220.673,555.113,786225,528,25,64.28,3399.48,167.4
60656,IL,328359.761,245.825,329900,230,23,62.17391304347826,2238.1304347826085,128.82608695652175
98177,WA,1229922.761,558.805,862250,527,27,53.44444444444444,2794.703703703704,186.22222222222223
91202,CA,NA,NA,NA,NA,50,45.02,2861.64,220.1
91210,CA,1398725,892.132,1412450,905,27,38.851851851851855,2882.925925925926,251.2962962962963
97216,OR,417102.272,297.312,392500,293,62,64.38709677419355,2527.951612903226,131.01612903225808
92075,CA,2115643.135,1217.661,1595000,1123,219,40.2648401826484,3927.461187214612,349.53881278538813
91354,CA,772628.487,441.642,765000,423,12,56.166666666666664,4783.25,287.3333333333333
37221,TN,612289.613,263.934,500000,247,21,64.0952380952381,2472.9523809523807,142.9047619047619
97229,OR,849596.001,337.047,799000,328,104,57.59615384615385,2925.3365384615386,169.03846153846155
90032,CA,913638.931,649.852,779000,636,289,59.55709342560554,3021.19723183391,175.76124567474048
78747,TX,509467.835,245.179,474999,239,1,47,1433,100
11109,NY,967928.5,1088.604,724000,765,6,47.833333333333336,3100,256
60661,IL,471118.855,383.941,399450,367,49,44.38775510204081,3990.530612244898,321.8979591836735
78754,TX,469454.457,234.833,454271,235,22,31.5,2092,221.1818181818182
90604,CA,754078.626,542.886,739500,522,26,48,2852.5,209.92307692307693
90220,CA,599467.283,480.268,574950,456,15,46.93333333333333,2447.6666666666665,192.8
90303,CA,867244.255,542.415,774549,517,75,45.04,2639.5333333333333,208.26666666666668
90047,CA,744917.191,3430.515,725000,532,86,48.25581395348837,2843.8488372093025,203.77906976744185
02143,MA,950341.341,834.705,800738,626,57,64.40350877192982,4113.0526315789475,223.26315789473685
70128,LA,207769.98,104.862,190000,105,12,47.5,2453.9166666666665,194.16666666666666
95005,CA,952655,571.799,867000,549,30,64.36666666666666,4975.666666666667,276.1
91504,CA,1163281.888,676.399,1100000,667,32,60.5,4103.65625,230
91340,CA,689879.474,544.11,657450,522,7,73.57142857142857,3622.714285714286,180.28571428571428
94612,CA,1528618.281,576.607,712500,582,57,47.29824561403509,2179.964912280702,165.50877192982455
60633,IL,177350.979,137.925,189000,124,12,45.583333333333336,1574.5,122.75
80238,CO,833192.697,318.375,775000,300,11,70,2944.090909090909,141.36363636363637
60644,IL,232626.266,120.663,215000,101,16,30.3125,1557.75,173.125
90061,CA,644904.223,469.515,615000,449,34,61.44117647058823,3064.8529411764707,176.38235294117646
91723,CA,840281.988,481.743,731950,467,6,45.833333333333336,3509.5,263.8333333333333
11362,NY,889864.7,554.955,898888,543,1,0,0,155
70129,LA,314174.12,144.636,299000,135,23,47.91304347826087,3999.782608695652,268.7826086956522
91768,CA,687902.853,432.157,648000,430,32,46.125,2413.34375,181.1875
10468,NY,489909.216,306.086,265000,277,10,59,2431.6,134
80236,CO,543017.756,273.189,549450,257,13,55.07692307692308,2340.5384615384614,151.3846153846154
94705,CA,1927049.787,830.901,1775000,809,92,58.17391304347826,3217.2391304347825,181.65217391304347
97236,OR,455632.354,261.037,415000,257,2,48.5,1372,95
91750,CA,892223.051,498.482,850000,491,22,46.63636363636363,2032.4545454545455,157.4090909090909
93535,CA,401300.655,261.962,399900,259,22,40.27272727272727,1712.6363636363637,139.4090909090909
91108,CA,2475445.19,960.459,2298000,938,2,86,5051.5,192
10305,NY,729754.233,519.838,680000,443,27,56.77777777777778,2296.222222222222,132.59259259259258
80224,CO,627654.625,328.409,560000,292,19,55.63157894736842,2235.5263157894738,151.89473684210526
90630,CA,NA,NA,NA,NA,14,56.785714285714285,4459,246.85714285714286
90247,CA,775452.626,475.105,699000,456,46,62.76086956521739,2605.304347826087,144.67391304347825
95033,CA,NA,NA,NA,NA,55,50.70909090909091,2575.8727272727274,171.70909090909092
92131,CA,1214745.28,629.178,1049000,620,10,50.9,7161,516.9
91744,CA,686833.592,2382.412,649900,514,58,54.172413793103445,2453.5,152.44827586206895
02163,MA,415000,NA,415000,NA,0,NA,NA,NA
91020,CA,NA,NA,NA,NA,79,66.63291139240506,3657.3417721518986,190.20253164556962
60652,IL,238314.792,184.227,245000,182,8,58.75,2198.125,121.5
91767,CA,614867.665,440.464,624900,433,30,44.766666666666666,2316.6666666666665,180.6
11415,NY,455684.86,405.882,325000,372,17,68.94117647058823,3350,159.11764705882354
95065,CA,1357753.92,710.937,1299000,703,27,54.03703703703704,4483.814814814815,268.962962962963
93543,CA,462683.616,310.102,450000,299,3,72.33333333333333,4453,185.33333333333334
95006,CA,878857.351,641.074,797500,600,50,56.7,3523.84,215.64
7093.,NJ,536839.844,427.811,439999,379,0,NA,NA,NA
91945,CA,665024.122,478.152,665000,469,44,47.43181818181818,2513.3863636363635,180.47727272727272
11428,NY,754560.3,483.549,725000,468,17,64.29411764705883,2567.0588235294117,139.11764705882354
97233,OR,411348.453,286.789,384900,276,10,56,2113.5,137.6
94111,CA,1441292.37,1148.45,1285000,1020,72,71.40277777777777,4080.8194444444443,191.22222222222223
90255,CA,NA,NA,NA,NA,71,54.70422535211268,3125.830985915493,194.2394366197183
91746,CA,692037.636,538.208,669000,524,12,59.666666666666664,2892.5833333333335,179.83333333333334
91384,CA,NA,NA,NA,NA,21,60.57142857142857,3893.8571428571427,214.1904761904762
11416,NY,857372.068,430.363,798389,432,27,61.333333333333336,2283.296296296296,134.88888888888889
90723,CA,919026.677,489.883,595000,453,61,59,3771.8196721311474,237.55737704918033
90660,CA,712436.806,547.434,675000,517,19,59.94736842105263,2734.0526315789475,153.10526315789474
78738,TX,1391093.966,394.447,996500,350,32,48.03125,3474.5,254.15625
78652,TX,640143.125,295.252,522400,275,121,50.00826446280992,2531.818181818182,188.9504132231405
91377,CA,1043912.349,563.149,969950,550,9,28.333333333333332,2462.8888888888887,290.44444444444446
93550,CA,446095.238,299.922,420000,293,16,52.8125,2575.4375,199.8125
80214,CO,659691.483,430.798,598500,435,216,46.226851851851855,2007.412037037037,145.38425925925927
91950,CA,638574.93,529.135,622000,464,118,47.00847457627118,3059.9406779661017,232.61864406779662
10306,NY,721555.28,486.698,686500,449,31,50.41935483870968,2222.483870967742,150.03225806451613
90023,CA,892164.183,8836.551,729000,478,134,60.32089552238806,3119.8283582089553,180.0597014925373
60620,IL,217369.186,124.174,190000,113,47,48.361702127659576,2538.0638297872342,178.91489361702128
60609,IL,283113.488,174.225,239950,169,51,49.05882352941177,1902.9803921568628,133.05882352941177
20782,MD,443785.613,305.473,474700,264,30,56.7,1801.0333333333333,105.96666666666667
37027,TN,818250.7,285.504,599700,258,5,52.6,2668.4,218.2
90710,CA,682128.756,453.508,694500,479,17,52.35294117647059,2269.3529411764707,158.47058823529412
90002,CA,630031.498,3179.777,579900,453,194,57.618556701030926,5612.350515463918,326.87113402061857
60304,IL,396218.587,290.454,399000,239,48,50.0625,2225.9583333333335,155.5625
91506,CA,1150884.808,762.664,1100000,767,59,59.49152542372882,3448.9661016949153,207.33898305084745
78726,TX,849408.11,321.409,750000,289,6,44.333333333333336,1597.6666666666667,122.16666666666667
91387,CA,783382.356,428.598,732500,417,18,59.27777777777778,3259.1111111111113,201.11111111111111
78717,TX,668499.393,339.527,625000,271,6,57.166666666666664,4580.833333333333,305.1666666666667
91331,CA,NA,NA,NA,NA,60,60.56666666666667,2983.5666666666666,174.76666666666668
11414,NY,635602.66,427.009,548888,396,19,55.26315789473684,2563.684210526316,156.42105263157896
60453,IL,253860.146,175.981,246250,168,22,63.27272727272727,2780.8636363636365,145.13636363636363
90502,CA,653266.508,543.28,692500,559,23,48.608695652173914,2506.9565217391305,177.82608695652175
91011,CA,2173754.627,906.778,1995000,931,58,59.3448275862069,3800.4655172413795,246.27586206896552
91402,CA,681859.335,461.585,667450,432,21,46.57142857142857,3124,201.95238095238096
60646,IL,522099.927,278.421,489450,279,16,58.25,2490.625,160.75
10282,NY,3088388.889,1884.711,3000000,1889,1,46,4374,308
94603,CA,547865.174,499.089,525000,510,126,48.523809523809526,1947.888888888889,150.37301587301587
28732,NC,483326.068,250.047,409450,246,332,55.75301204819277,3049.9819277108436,184.88855421686748
91902,CA,NA,NA,NA,NA,85,51.529411764705884,3473.2823529411767,248.83529411764707
10312,NY,789022.985,426.21,699888,416,9,56.22222222222222,1858,132
80216,CO,510070.946,401.193,425000,369,43,55.55813953488372,2710.1627906976746,163.25581395348837
80230,CO,931545,328.831,889000,315,7,43.57142857142857,2134.4285714285716,158.57142857142858
60632,IL,288587.118,1744.74,289900,197,14,54.07142857142857,2060.8571428571427,146.21428571428572
91911,CA,689439.659,481.195,690000,468,67,49.95522388059702,3662.223880597015,272.85074626865674
90805,CA,721120.166,581.828,670857,547,47,53.8936170212766,3692.2127659574467,229.93617021276594
91740,CA,799932.832,507.516,743500,502,30,58.03333333333333,3439.8333333333335,196.83333333333334
93551,CA,603617.651,275.879,559900,266,36,41.416666666666664,2207.8333333333335,179.69444444444446
02199,MA,NA,NA,NA,NA,1,33,2487,246
60639,IL,354434.695,202.848,334950,198,21,40.714285714285715,1651.7142857142858,134.9047619047619
95066,CA,1335362.212,680.711,1299000,686,34,65.32352941176471,3405.794117647059,177.7058823529412
91010,CA,749910.571,550.795,711000,535,18,51.27777777777778,2804.4444444444443,175.38888888888889
60621,IL,152240.141,85.891,120000,70,24,42.791666666666664,1871.125,163.625
60619,IL,209031.412,126.986,199000,116,65,49.83076923076923,1968.4,142.2
10470,NY,630881.853,315.814,679000,326,12,39.333333333333336,2023.6666666666667,182.41666666666666
90808,CA,973595.207,642.371,910000,617,71,58.732394366197184,4633.352112676056,299.2957746478873
37064,TN,1103819.5,405.564,723532,339,4,60,1818.25,104
93532,CA,399513.962,314.226,390000,286,10,21.6,1244.2,213.1
93552,CA,482158.295,277.008,459950,273,5,35,2707.2,249
20004,DC,523815.724,646.462,495000,630,NA,NA,NA,NA
93536,CA,516158.49,274.462,495000,265,42,42.976190476190474,2008.2142857142858,164.1904761904762
98146,WA,836484.326,454.756,720000,435,75,56.88,2576.4,165
60827,IL,140251.587,114.948,125000,110,12,45.75,1828.25,163.08333333333334
60617,IL,194353.583,130.009,179900,114,22,31.545454545454547,1194.8636363636363,134.45454545454547
80247,CO,362143.129,267.238,300000,254,20,52.55,2490.6,155.95
90603,CA,832487.985,519.63,769500,515,25,53.88,3332.4,208.08
11360,NY,745217.943,632.592,589000,642,2,56,2295,158
91724,CA,818293.218,478.681,766500,481,12,54.916666666666664,4993.583333333333,288.9166666666667
11357,NY,1073169.09,665.567,998000,626,12,52.166666666666664,2487.4166666666665,171.66666666666666
90712,CA,NA,NA,NA,NA,96,59.875,3721.5833333333335,207.04166666666666
11363,NY,1178910.867,611.517,1180000,590,8,50.625,2691.625,181.25
91208,CA,1403645.147,691.086,1399000,666,37,55.21621621621622,3292.6216216216217,225.1891891891892
60659,IL,361534.947,198.019,320975,176,37,47.32432432432432,2367.810810810811,160.2972972972973
11423,NY,827666.557,474.167,784500,466,11,49.72727272727273,1754.2727272727273,133.1818181818182
80235,CO,521387.647,304.568,335000,291,45,54.644444444444446,2575.911111111111,163.0222222222222
60638,IL,303241.747,231.261,299000,231,20,60.7,2625.95,158.55
20781,MD,441161.5,277.964,480165,274,18,56.166666666666664,2892.4444444444443,164.61111111111111
37143,TN,455638.917,266.158,364134,254,4,71.5,4868.75,225.5
80014,CO,395691.846,262.581,353000,243,32,49.59375,1998.3125,137.71875
92173,CA,NA,NA,NA,NA,13,48.38461538461539,3899.6923076923076,289.61538461538464
20712,MD,471629.4,319.653,479495,316,12,69.5,2067.9166666666665,104.91666666666667
60606,IL,422024.986,340.448,338950,310,9,72.11111111111111,4759.333333333333,214.55555555555554
10473,NY,647590.732,358.259,650000,361,19,52.05263157894737,2109.157894736842,144.31578947368422
91731,CA,785951.447,535.723,699000,516,39,61.30769230769231,2813.641025641026,154.48717948717947
94158,CA,1325115.427,1142.313,1345000,1178,4,65.75,5779.5,308
94702,CA,1088631.267,779.361,999000,803,166,55.25301204819277,2471.397590361446,153.31927710843374
94621,CA,556269.589,434.792,525000,426,88,49.89772727272727,3206.806818181818,212.8409090909091
91362,CA,1302615.897,555.204,1025000,536,5,27.6,3056,686.4
97231,OR,780472.885,350.529,475000,325,0,NA,NA,NA
91773,CA,849210.199,509.586,799850,497,19,40.421052631578945,1915.2631578947369,163.52631578947367
94704,CA,1050833.333,941.955,949500,799,57,50.98245614035088,2779.3684210526317,182.75438596491227
10308,NY,740387.075,435.329,679000,423,4,68.5,2057,103
90248,CA,810503.365,538.231,769000,549,11,47.54545454545455,2215.6363636363635,150.54545454545453
90242,CA,763335.611,566.462,734500,556,33,62.57575757575758,3588.4545454545455,190.78787878787878
02142,MA,1059000,834.764,1059000,835,2,25.5,1810.5,231
11436,NY,722117.443,424.721,649000,428,40,50.025,2016.35,136.25
60302,IL,347440.394,227.125,287450,211,100,64.8,3123.13,162.69
90304,CA,1122297.829,635.884,769000,583,52,40.86538461538461,2504.3076923076924,208.05769230769232
94104,CA,1647000,991.119,1487000,1027,35,68.68571428571428,4162.5142857142855,199.9142857142857
90001,CA,654398.421,3092.689,600000,411,56,57.19642857142857,2870.089285714286,180.75
94080,CA,NA,NA,NA,NA,105,47.628571428571426,3080.285714285714,213.66666666666666
90022,CA,810285.564,5960.023,699113,491,55,53.63636363636363,2948.8545454545456,210.27272727272728
11426,NY,745098.496,513.652,739000,507,22,38.63636363636363,1722.2727272727273,160.54545454545453
11427,NY,735600.5,529.118,699999,520,8,61.625,3130,168
10270,NY,NA,NA,NA,NA,0,NA,NA,NA
91786,CA,713678.941,428.344,677000,411,23,49.869565217391305,2450.4347826086955,172.7826086956522
90605,CA,786699.97,569.475,715000,561,28,57.67857142857143,3407.714285714286,203.53571428571428
94703,CA,1231447.829,726.85,1098000,665,131,56.32824427480916,3072.8320610687024,180.84732824427482
91942,CA,721933.063,562.255,738500,524,116,54.30172413793103,3505.2413793103447,212.0344827586207
80123,CO,691849.559,304.817,567000,289,24,58.666666666666664,3107.9583333333335,194.79166666666666
02467,MA,1158687.813,3874.013,698653,710,8,65.375,4385.875,230.75
91523,CA,NA,NA,NA,NA,18,55.5,2896.5555555555557,186.16666666666666
91706,CA,668572.811,512.971,649888,491,54,48.333333333333336,2265.185185185185,161.27777777777777
11694,NY,1023389.027,620.438,932000,616,63,49.15873015873016,2971.4285714285716,215.0793650793651
97223,OR,631457.917,322.371,602500,321,5,60.8,5556.4,314.4
11001,NY,757014.888,474.689,739000,457,97,46.577319587628864,2246.7938144329896,166.89690721649484
70032,LA,334011.662,181.447,344928,186,55,44.03636363636364,2310.4727272727273,174.94545454545454
90040,CA,640751.769,556.307,624500,551,168,60.30357142857143,3387.0476190476193,210.9345238095238
20816,MD,914513.102,465.016,899000,446,10,57.7,2626.1,185.5
20052,DC,NA,NA,NA,NA,8,39.5,1730.375,138.5
11366,NY,1104908.89,670.506,999999,649,16,70,3517.9375,165.1875
80110,CO,543556.387,321.229,535000,300,192,58.213541666666664,2812.4114583333335,162.30208333333334
7002.,NJ,524904.996,691.065,534725,306,0,NA,NA,NA
94577,CA,797646.343,562.285,749432,554,129,63.651162790697676,3005.186046511628,158.43410852713177
1m,NY,NA,NA,NA,NA,0,NA,NA,NA
90274,CA,2220102.573,932.948,1999000,910,66,67.74242424242425,3807.4242424242425,189.16666666666666
37015,TN,504935.714,384.486,380000,307,14,64.28571428571429,3179.5,158
70127,LA,241269.804,106.94,189000,108,58,52.6551724137931,2907.7241379310344,202.55172413793105
20743,DC,NA,NA,NA,NA,13,57.38461538461539,2873.4615384615386,176.30769230769232
11004,NY,713033.388,529.305,749000,502,1,85,2366,91
02145,MA,831480.364,1042.921,749900,821,48,64.125,4596,243.8125
60707,IL,328578.823,231.904,319950,197,20,55.3,3024,196.6
20912,MD,554840.582,310.627,542500,289,70,60.285714285714285,2058.285714285714,117.32857142857142
60636,IL,169154.61,117.386,159000,107,23,51.82608695652174,2432.3478260869565,162.1304347826087
20910,MD,558277.478,655.668,524975,380,104,59.96153846153846,2406.480769230769,141.96153846153845
95019,CA,727200,486.49,719000,492,0,NA,NA,NA
93510,CA,829337.617,372.636,820000,356,2,45.5,2544.5,149.5
97035,OR,830089.454,380.568,649999,345,13,72.38461538461539,2329.4615384615386,106.23076923076923
28759,NC,808408.788,291.769,769000,307,155,59.00645161290323,3151.625806451613,180.30967741935484
91802,CA,NA,NA,NA,NA,0,NA,NA,NA
93534,CA,514517.051,293.521,395000,281,26,46.38461538461539,1892.6923076923076,136.6153846153846
02445,MA,752681.818,3280.683,700000,801,30,55.333333333333336,4760.033333333334,260
78620,TX,981998.01,386.923,799750,311,221,42.30316742081448,3183.3846153846152,255.13122171945702
92124,CA,899724.554,553.032,885000,543,15,45.333333333333336,4371,374.06666666666666
91351,CA,587108,432.28,673500,447,9,52.333333333333336,2633.4444444444443,173.33333333333334
90059,CA,657859.091,478.403,569900,465,14,51.285714285714285,2513.4285714285716,169.21428571428572
92397,CA,476688.522,328.258,449945,310,99,36.686868686868685,2609.161616161616,250.22222222222223
80033,CO,764264.917,376.545,639500,329,104,48.22115384615385,2773.105769230769,196.625
10129,NY,1690000,NA,1690000,NA,4,52.5,3065,224.5
90201,CA,922199.296,6514.368,729450,468,8,38.625,1937.375,172.5
37228,TN,764453,847.115,764453,847,18,50.94444444444444,5112.166666666667,362.3333333333333
60628,IL,170603.425,2901.844,155000,108,19,51.73684210526316,2108,139.42105263157896
80227,CO,564642.072,287.776,533450,275,17,54.88235294117647,2623.470588235294,159.41176470588235
90716,CA,659268.107,489.357,634500,485,2,77.5,3926,166.5
70460,LA,229411.126,131.754,211250,130,11,57.54545454545455,3366.5454545454545,236.0909090909091
97225,OR,756251.767,329.953,689900,318,9,59.666666666666664,3234.3333333333335,183.88888888888889
02151,MA,654845.014,1116.783,604263,429,14,61.5,3179.285714285714,179.85714285714286
91722,CA,678327.693,517.792,685000,512,24,60.958333333333336,3147.625,178.04166666666666
91764,CA,622137.26,462.337,590990,429,28,56.535714285714285,2851.1071428571427,178.75
90621,CA,1015269.444,525.638,799000,501,7,55.57142857142857,3423.1428571428573,205
02026,MA,671047.059,605.76,625000,405,10,75.1,4139.1,178.5
90240,CA,NA,NA,NA,NA,40,53.425,3070.675,193.875
93563,CA,399000,296.875,399000,297,6,68.66666666666667,2739.6666666666665,135.66666666666666
78218,TX,245752.459,205.752,234900,156,46,37.108695652173914,1129.9130434782608,120.04347826086956
70053,LA,261377.027,174.216,259000,164,199,53.71356783919598,3390.452261306533,212.43718592964825
20815,MD,974826.142,682.051,810000,486,45,52.71111111111111,2554.133333333333,160.77777777777777
10705,NY,709446.662,326.432,664010,315,26,61.65384615384615,3003.9615384615386,153.19230769230768
02139,MA,1382896.649,1860.651,1385000,933,111,71.11711711711712,4628.009009009009,217.19819819819818
90929,CA,NA,NA,NA,NA,0,NA,NA,NA
22204,SECC TERRAZAS,NA,NA,NA,NA,NA,NA,NA,NA
28787,NC,543500.434,273.295,475000,261,77,53.35064935064935,2771.051948051948,174.98701298701297
90670,CA,714250.438,524.029,699950,496,4,43.25,1749.75,153.25
02150,MA,533856.25,674.925,464500,447,14,70.85714285714286,4013.5714285714284,188.07142857142858
90221,CA,634966.548,475.377,596000,464,13,61.07692307692308,2459,134.15384615384616
92821,CA,922531.882,531.572,899000,519,20,53.8,2903.05,192.75
94129,CA,NA,NA,NA,NA,19,67.52631578947368,4927.315789473684,243.94736842105263
90071,CA,NA,NA,NA,NA,23,49.608695652173914,2407,181.34782608695653
80010,CO,543740.333,316.876,474000,277,91,57.18681318681319,2155.736263736264,128.67032967032966
97086,OR,677564.576,281.03,649900,278,2,65,2786.5,138
91708,CA,696907.18,369.419,686990,368,7,35.714285714285715,2141.5714285714284,232.14285714285714
"99
98",WA,NA,NA,NA,NA,NA,NA,NA,NA
95041,CA,687571.429,632.871,749000,579,8,56.375,4290,270.25
90606,CA,NA,NA,NA,NA,17,68.94117647058823,3032.0588235294117,136
91345,CA,706734.679,507.489,749000,501,7,64.85714285714286,3844.1428571428573,203.71428571428572
10080,NY,NA,NA,NA,NA,4,77,6261,262.25
20372,DC,NA,NA,NA,NA,NA,NA,NA,NA
78719,TX,NA,NA,NA,NA,3,71.66666666666667,5215,278
92017,CA,NA,NA,NA,NA,0,NA,NA,NA
2116,MA,1197289.943,2403.97,735000,1214,0,NA,NA,NA
2136,MA,607701.194,358.303,564900,354,0,NA,NA,NA
2134,MA,676595.048,2023.231,739000,559,8,67.375,3707.75,193.375
2135,MA,656060.847,1204.947,499000,628,6,68.66666666666667,2765,136.83333333333334
2128,MA,722415.029,1986.466,630000,533,0,NA,NA,NA
2109,MA,579000,713.933,579000,714,26,68.46153846153847,6419.615384615385,321.4230769230769
2130,MA,1051111.235,3665.613,939900,673,0,NA,NA,NA
2118,MA,859103.448,4000.686,685250,1424,9,75.33333333333333,6213.888888888889,283.3333333333333
2125,MA,787811.655,967.206,711950,425,12,68.66666666666667,5657.083333333333,299.9166666666667
2124,MA,611687.265,1142.605,550000,376,1,77,3858,163
90222,CA,596338.951,478.335,585000,453,6,44,2069.8333333333335,255
2108,MA,1323270.4,1373.606,1263352,1431,NA,NA,NA,NA
2119,MA,1183275.591,64553.71,797557,440,3,83.66666666666667,3581,145.66666666666666
2129,MA,933255.263,1653.113,925000,790,15,64.46666666666667,6217.933333333333,312.6666666666667
2114,MA,1135838.2,3417.206,680000,1907,9,64.77777777777777,4784.333333333333,255.33333333333334
2111,MA,1190250,3024.339,1062500,1165,4,57.75,3978.5,252.75
2215,MA,781333.333,2989.265,570000,1829,75,61.86666666666667,5091.96,282.36
2127,MA,963019.25,2293.013,944000,840,7,60.285714285714285,5063.428571428572,316.14285714285717
2131,MA,642399.973,444.18,599000,425,1,78,3713,156
95064,CA,NA,NA,NA,NA,1,73,13960,622
2121,MA,720735.913,923.195,703125,264,1,35,1611,151
2113,MA,714750,2993.891,529000,3171,11,67.72727272727273,4298.909090909091,213.45454545454547
2115,MA,939687.438,3128.44,735000,1261,10,61.5,4552,250.2
2110,MA,2305000,23050,2305000,23050,2,64,4106,222.5
2186,MA,1116397.864,470.793,914950,417,0,NA,NA,NA
2120,MA,1391432.25,11743.136,1351449,13501,16,63.8125,3441.8125,188.375
2163,MA,415000,NA,415000,NA,NA,NA,NA,NA
7105,NY,NA,NA,NA,NA,0,NA,NA,NA
2210,MA,1929666.667,13669.971,2199000,21990,86,63.5,5143.7558139534885,274.1511627906977
2446,MA,1023482.69,3369.872,744950,872,14,66.64285714285714,3949.5,204.64285714285714
2122,MA,705029.9,674.533,675000,401,1,73,7270,326
92067,CA,3748074.926,878.384,3588000,844,19,30.842105263157894,3465,808.7368421052631
95007,CA,819250,447.484,759000,461,13,62.84615384615385,3450.153846153846,200.76923076923077
95077,CA,NA,NA,NA,NA,0,NA,NA,NA
2132,MA,799701.085,500.922,699900,461,15,67.46666666666667,3815.9333333333334,202.53333333333333
2126,MA,674669.9,4226.6,589500,313,3,38.666666666666664,3112,249.33333333333334
78742,TX,1423999.833,423.232,637000,426,5,44.4,1955.4,170.2
